Country,Rank,Score,Economy,Social Support,Health,Freedom,Trust,Generosity,Residual,,Country,Rank,Score,Economy,Social Support,Health,Freedom,Trust,Generosity,Residual,,Country,Rank,Score,Economy,Social Support,Health,Freedom,Generosity,Trust,Residual,,Country,Rank,Score,Economy,Social Support,Health,Freedom,Generosity,Trust,Residual,,Country or region,Rank,Score,Economy,Social Support,Health,Freedom,Generosity,Trust,Residual,,,Mean,Min,Max
Denmark,3,7.527,1.32548,1.36058,0.87464,0.64938,0.48357,0.34139,2.49204,,Denmark,1,7.526,1.44178,1.16374,0.79504,0.57941,0.44453,0.36171,2.73939,,Denmark,2,7.521999836,1.482383013,1.551121593,0.792565525,0.626006722,0.355280489,0.400770068,2.313707352,,Denmark,3,7.555,1.351,1.59,0.868,0.683,0.284,0.408,2.371,,Denmark,2,7.6,1.383,1.573,0.996,0.592,0.252,0.41,2.394,,,7.545999967,7.521999836,7.6
Norway,4,7.522,1.459,1.33095,0.88521,0.66973,0.36503,0.34699,2.46531,,Norway,4,7.498,1.57744,1.1269,0.79579,0.59609,0.35776,0.37895,2.66465,,Norway,1,7.537000179,1.616463184,1.53352356,0.796666503,0.635422587,0.362012237,0.315963835,2.277026653,,Norway,2,7.594,1.456,1.582,0.861,0.686,0.286,0.34,2.383,,Norway,3,7.554,1.488,1.582,1.028,0.603,0.271,0.341,2.241,,,7.541000036,7.498,7.594
Finland,6,7.406,1.29025,1.31826,0.88911,0.64169,0.41372,0.23351,2.61955,,Finland,5,7.413,1.40598,1.13464,0.81091,0.57104,0.41004,0.25492,2.82596,,Finland,5,7.468999863,1.443571925,1.540246725,0.80915767,0.617950857,0.245482773,0.382611543,2.430181503,,Finland,1,7.632,1.305,1.592,0.874,0.681,0.202,0.393,2.585,,Finland,1,7.769,1.34,1.587,0.986,0.596,0.153,0.393,2.714,,,7.537799973,7.406,7.769
Switzerland,1,7.587,1.39651,1.34951,0.94143,0.66557,0.41978,0.29678,2.51738,,Switzerland,2,7.509,1.52733,1.14524,0.86303,0.58557,0.41203,0.28083,2.69463,,Switzerland,4,7.493999958,1.564979553,1.516911745,0.858131289,0.620070577,0.290549278,0.367007285,2.276716232,,Switzerland,5,7.487,1.42,1.549,0.927,0.66,0.256,0.357,2.318,,Switzerland,6,7.48,1.452,1.526,1.052,0.572,0.263,0.343,2.272,,,7.511399992,7.48,7.587
Iceland,2,7.561,1.30232,1.40223,0.94784,0.62877,0.14145,0.4363,2.70201,,Iceland,3,7.501,1.42666,1.18326,0.86733,0.56624,0.14975,0.47678,2.83137,,Iceland,3,7.504000187,1.48063302,1.610574007,0.833552122,0.627162635,0.475540221,0.153526559,2.322715282,,Iceland,4,7.495,1.343,1.644,0.914,0.677,0.353,0.138,2.426,,Iceland,4,7.494,1.38,1.624,1.026,0.591,0.354,0.118,2.401,,,7.511000037,7.494,7.561
Netherlands,7,7.378,1.32944,1.28017,0.89284,0.61576,0.31814,0.4761,2.4657,,Netherlands,7,7.339,1.46468,1.02912,0.81231,0.55211,0.29927,0.47416,2.70749,,Netherlands,6,7.376999855,1.503944635,1.428939223,0.810696125,0.585384488,0.47048983,0.282661825,2.294804096,,Netherlands,6,7.441,1.361,1.488,0.878,0.638,0.333,0.295,2.448,,Netherlands,5,7.488,1.396,1.522,0.999,0.557,0.322,0.298,2.394,,,7.404599971,7.339,7.488
Canada,5,7.427,1.32629,1.32261,0.90563,0.63297,0.32957,0.45811,2.45176,,Canada,6,7.404,1.44015,1.0961,0.8276,0.5737,0.31329,0.44834,2.70485,,Canada,7,7.315999985,1.479204416,1.481348991,0.834557652,0.611100912,0.435539722,0.287371516,2.187264442,,Canada,7,7.328,1.33,1.532,0.896,0.653,0.321,0.291,2.305,,Canada,9,7.278,1.365,1.505,1.039,0.584,0.285,0.308,2.192,,,7.350599997,7.278,7.427
Sweden,8,7.364,1.33171,1.28907,0.91087,0.6598,0.43844,0.36262,2.37119,,Sweden,10,7.291,1.45181,1.08764,0.83121,0.58218,0.40867,0.38254,2.54734,,Sweden,9,7.28399992,1.494387269,1.478162169,0.830875158,0.612924099,0.385399252,0.384398729,2.097537994,,Sweden,9,7.314,1.355,1.501,0.913,0.659,0.285,0.383,2.218,,Sweden,7,7.343,1.387,1.487,1.009,0.574,0.267,0.373,2.246,,,7.319199984,7.28399992,7.364
New Zealand,9,7.286,1.25018,1.31967,0.90837,0.63938,0.42922,0.47501,2.26425,,New Zealand,8,7.334,1.36066,1.17278,0.83096,0.58147,0.41904,0.49401,2.47553,,New Zealand,8,7.31400013,1.405706048,1.548195124,0.816759706,0.61406213,0.500005126,0.382816702,2.046456337,,New Zealand,8,7.324,1.268,1.601,0.876,0.669,0.365,0.389,2.156,,New Zealand,8,7.307,1.303,1.557,1.026,0.585,0.33,0.38,2.126,,,7.313000026,7.286,7.334
Australia,10,7.284,1.33358,1.30923,0.93156,0.65124,0.35637,0.43562,2.26646,,Australia,9,7.313,1.44443,1.10476,0.8512,0.56837,0.32331,0.47407,2.5465,,Australia,10,7.28399992,1.484414935,1.510041952,0.843886793,0.601607382,0.47769925,0.30118373,2.065210819,,Australia,10,7.272,1.34,1.573,0.91,0.647,0.361,0.302,2.139,,Australia,11,7.228,1.372,1.548,1.036,0.557,0.332,0.29,2.093,,,7.276199984,7.228,7.313
Israel,11,7.278,1.22857,1.22393,0.91387,0.41319,0.07785,0.33172,3.08854,,Israel,11,7.267,1.33766,0.99537,0.84917,0.36432,0.08728,0.32288,3.31029,,Israel,11,7.212999821,1.375382423,1.376289964,0.838404,0.405988604,0.330082655,0.0852421,2.801757336,,Israel,19,6.814,1.301,1.559,0.883,0.533,0.354,0.272,1.912,,Israel,13,7.139,1.276,1.455,1.029,0.371,0.261,0.082,2.665,,,7.142199964,6.814,7.278
Austria,13,7.2,1.33723,1.29704,0.89042,0.62433,0.18676,0.33088,2.5332,,Austria,12,7.119,1.45038,1.08383,0.80565,0.54355,0.21348,0.32865,2.69343,,Austria,13,7.006000042,1.487097263,1.459944963,0.815328419,0.56776619,0.316472322,0.221060365,2.138506413,,Austria,12,7.139,1.341,1.504,0.891,0.617,0.242,0.224,2.32,,Austria,10,7.246,1.376,1.475,1.016,0.532,0.244,0.226,2.377,,,7.142000008,7.006000042,7.246
Costa Rica,12,7.226,0.95578,1.23788,0.86027,0.63376,0.10583,0.25497,3.17728,,Costa Rica,14,7.087,1.06879,1.02152,0.76146,0.55225,0.10547,0.22553,3.35168,,Costa Rica,12,7.078999996,1.109706283,1.416403651,0.759509265,0.58013165,0.214613229,0.100106589,2.898639202,,Costa Rica,13,7.072,1.01,1.459,0.817,0.632,0.143,0.101,2.91,,Costa Rica,12,7.167,1.034,1.441,0.963,0.558,0.144,0.093,2.934,,,7.126199999,7.072,7.226
Puerto Rico,,,,,,,,,,,Puerto Rico,15,7.039,1.35943,1.08113,0.77758,0.46823,0.12275,0.22202,3.0076,,,,,,,,,,,,,,,,,,,,,,0,,,,,,,,,,,0,,,7.039,7.039,7.039
United States,15,7.119,1.39451,1.24711,0.86179,0.54604,0.1589,0.40105,2.51011,,United States,13,7.104,1.50796,1.04782,0.779,0.48163,0.14868,0.41077,2.72782,,United States,14,6.993000031,1.546259284,1.419920564,0.774286628,0.505740523,0.392578781,0.135638788,2.218113422,,United States,18,6.886,1.398,1.471,0.819,0.547,0.291,0.133,2.227,,United States,19,6.892,1.433,1.457,0.874,0.454,0.28,0.128,2.266,,,6.998800006,6.886,7.119
Ireland,18,6.94,1.33596,1.36948,0.89533,0.61777,0.28703,0.45901,1.9757,,Ireland,19,6.907,1.48341,1.16157,0.81455,0.54008,0.29754,0.44963,2.15988,,Ireland,15,6.977000237,1.535706639,1.558231115,0.809782624,0.573110342,0.427858323,0.298388153,1.773869038,,Ireland,14,6.977,1.448,1.583,0.876,0.614,0.307,0.306,1.843,,Ireland,16,7.021,1.499,1.553,0.999,0.516,0.298,0.31,1.846,,,6.964400047,6.907,7.021
Luxembourg,17,6.946,1.56391,1.21963,0.91894,0.61583,0.37798,0.28034,1.96961,,Luxembourg,20,6.871,1.69752,1.03999,0.84542,0.5487,0.35329,0.27571,2.11055,,Luxembourg,18,6.862999916,1.741943598,1.457583666,0.845089495,0.596627891,0.283180982,0.318834424,1.619512081,,Luxembourg,17,6.91,1.576,1.52,0.896,0.632,0.196,0.321,1.769,,Luxembourg,14,7.09,1.609,1.479,1.012,0.526,0.194,0.316,1.954,,,6.935999983,6.862999916,7.09
Germany,26,6.75,1.32792,1.29937,0.89186,0.61477,0.21843,0.28214,2.11569,,Germany,16,6.994,1.44787,1.09774,0.81487,0.53466,0.28551,0.30452,2.50931,,Germany,16,6.951000214,1.487923384,1.472520351,0.798950732,0.562511384,0.33626917,0.276731938,2.015769958,,Germany,15,6.965,1.34,1.474,0.861,0.586,0.273,0.28,2.151,,Germany,17,6.985,1.373,1.454,0.987,0.495,0.261,0.265,2.15,,,6.929000043,6.75,6.994
Belgium,19,6.937,1.30782,1.28566,0.89667,0.5845,0.2254,0.2225,2.41484,,Belgium,18,6.929,1.42539,1.05249,0.81959,0.51354,0.26248,0.2424,2.61355,,Belgium,17,6.890999794,1.463780761,1.462312698,0.818091869,0.539770722,0.231503338,0.251343131,2.124210358,,Belgium,16,6.927,1.324,1.483,0.894,0.583,0.188,0.24,2.215,,Belgium,18,6.923,1.356,1.504,0.986,0.473,0.16,0.21,2.234,,,6.921399959,6.890999794,6.937
United Kingdom,21,6.867,1.26637,1.28548,0.90943,0.59625,0.32067,0.51912,1.96994,,United Kingdom,23,6.725,1.40283,1.08672,0.80991,0.50036,0.27399,0.50156,2.14999,,United Kingdom,19,6.714000225,1.44163394,1.49646008,0.805335939,0.508190036,0.492774159,0.265428066,1.704143524,,United Kingdom,11,7.19,1.244,1.433,0.888,0.464,0.262,0.082,2.817,,United Kingdom,15,7.054,1.333,1.538,0.996,0.45,0.348,0.278,2.111,,,6.910000045,6.714000225,7.19
Oman,22,6.853,1.36011,1.08182,0.76276,0.63274,0.32524,0.21542,2.47489,,,,,,,,,,,,,,,,,,,,,,,,,,,,,,,,,0,,,,,,,,,,,0,,,6.853,6.853,6.853
United Arab Emirates,20,6.901,1.42727,1.12575,0.80925,0.64157,0.38583,0.26428,2.24743,,United Arab Emirates,28,6.573,1.57352,0.87114,0.72993,0.56215,0.35561,0.26591,2.21507,,United Arab Emirates,21,6.647999763,1.626343369,1.266410232,0.726798236,0.60834527,0.360941947,0.324489564,1.734703541,,United Arab Emirates,20,6.774,2.096,0.776,0.67,0.284,0.186,N/A,2.762,,United Arab Emirates,21,6.825,1.503,1.31,0.825,0.598,0.262,0.182,2.145,,,6.744199953,6.573,6.901
Mexico,14,7.187,1.02054,0.91451,0.81444,0.48181,0.21312,0.14074,3.60214,,Mexico,21,6.778,1.11508,0.7146,0.71143,0.37709,0.18355,0.11735,3.55906,,Mexico,25,6.578000069,1.153183818,1.21086216,0.709978998,0.412730008,0.120990433,0.132774115,2.837154865,,Mexico,24,6.488,1.038,1.252,0.761,0.479,0.069,0.095,2.794,,Mexico,23,6.595,1.07,1.323,0.861,0.433,0.074,0.073,2.761,,,6.725200014,6.488,7.187
Brazil,16,6.983,0.98124,1.23287,0.69702,0.49049,0.17521,0.14574,3.26001,,Brazil,17,6.952,1.08754,1.03938,0.61415,0.40425,0.14166,0.15776,3.50733,,Brazil,22,6.635000229,1.10735321,1.431306005,0.616552353,0.437453747,0.162349895,0.111092761,2.769267082,,Brazil,28,6.419,0.986,1.474,0.675,0.493,0.11,0.088,2.593,,Brazil,32,6.3,1.004,1.439,0.802,0.39,0.099,0.086,2.48,,,6.657800046,6.3,6.983
Czech Republic,31,6.505,1.17898,1.20643,0.84483,0.46364,0.02652,0.10686,2.67782,,Czech Republic,27,6.596,1.30915,1.00793,0.76376,0.41418,0.03986,0.09929,2.96211,,Czech Republic,23,6.609000206,1.352682352,1.433885217,0.754444003,0.490946174,0.088106759,0.036872927,2.451861858,,Czech Republic,21,6.711,1.233,1.489,0.854,0.543,0.064,0.034,2.494,,Czech Republic,20,6.852,1.269,1.487,0.92,0.457,0.046,0.036,2.637,,,6.654600041,6.505,6.852
Chile,27,6.67,1.10715,1.12447,0.85857,0.44132,0.12869,0.33363,2.67585,,Chile,24,6.705,1.2167,0.90587,0.81883,0.37789,0.11451,0.31595,2.95505,,Chile,20,6.65199995,1.25278461,1.284024954,0.819479704,0.376895279,0.326662421,0.082287982,2.509585857,,Chile,25,6.476,1.131,1.331,0.808,0.431,0.197,0.061,2.517,,Chile,26,6.444,1.159,1.369,0.92,0.357,0.187,0.056,2.396,,,6.58939999,6.444,6.705
Singapore,24,6.798,1.52186,1.02,1.02525,0.54252,0.4921,0.31105,1.88501,,Singapore,22,6.739,1.64555,0.86758,0.94719,0.4877,0.46987,0.32706,1.99375,,Singapore,26,6.572000027,1.69227767,1.353814363,0.949492395,0.549840569,0.345965981,0.464307785,1.216362,,Singapore,34,6.343,1.529,1.451,1.008,0.631,0.261,0.457,1.006,,Singapore,34,6.262,1.572,1.463,1.141,0.556,0.271,0.453,0.806,,,6.542800005,6.262,6.798
Panama,25,6.786,1.06353,1.1985,0.79661,0.5421,0.0927,0.24434,2.84848,,Panama,25,6.701,1.18306,0.98912,0.70835,0.48927,0.08423,0.2418,3.00559,,Panama,30,6.452000141,1.233748436,1.373192549,0.706156135,0.550026834,0.210556939,0.070983924,2.307199955,,Panama,27,6.43,1.112,1.438,0.759,0.597,0.125,0.063,2.336,,Panama,31,6.321,1.149,1.442,0.91,0.516,0.109,0.054,2.141,,,6.538000028,6.321,6.786
Malta,37,6.302,1.2074,1.30203,0.88721,0.60365,0.13586,0.51752,1.6488,,Malta,30,6.488,1.30782,1.09879,0.80315,0.54994,0.17554,0.56237,1.99032,,Malta,27,6.52699995,1.343279839,1.488411665,0.821944237,0.588767052,0.574730575,0.153066069,1.556862831,,Malta,22,6.627,1.27,1.525,0.884,0.645,0.376,0.142,1.785,,Malta,22,6.726,1.3,1.52,0.999,0.564,0.375,0.151,1.817,,,6.53399999,6.302,6.726
France,29,6.575,1.27778,1.26038,0.94579,0.55011,0.20646,0.12332,2.21126,,France,32,6.478,1.39488,1.00508,0.83795,0.46562,0.17808,0.1216,2.4744,,France,31,6.441999912,1.430923462,1.387776852,0.844465852,0.470222116,0.129762307,0.172502428,2.005954742,,France,23,6.489,1.293,1.466,0.908,0.52,0.098,0.176,2.028,,France,24,6.592,1.324,1.472,1.045,0.436,0.111,0.183,2.021,,,6.515199982,6.441999912,6.592
Argentina,30,6.574,1.05351,1.24823,0.78723,0.44974,0.08484,0.11451,2.836,,Argentina,26,6.65,1.15137,1.06612,0.69711,0.42284,0.07296,0.10989,3.12985,,Argentina,24,6.598999977,1.185295463,1.440451145,0.695137084,0.494519204,0.109457061,0.059739888,2.614005327,,Argentina,29,6.388,1.073,1.468,0.744,0.57,0.062,0.054,2.417,,Argentina,47,6.086,1.092,1.432,0.881,0.471,0.066,0.05,2.094,,,6.459399995,6.086,6.65
Uruguay,32,6.485,1.06166,1.2089,0.8116,0.60362,0.24558,0.2324,2.32142,,Uruguay,29,6.545,1.18157,1.03143,0.72183,0.54388,0.21394,0.18056,2.67139,,Uruguay,28,6.453999996,1.217559695,1.412227869,0.719216824,0.579392254,0.175096929,0.178061873,2.172409534,,Uruguay,31,6.379,1.093,1.459,0.771,0.625,0.13,0.155,2.146,,Uruguay,33,6.293,1.124,1.465,0.891,0.523,0.127,0.15,2.013,,,6.431199999,6.293,6.545
Qatar,28,6.611,1.69042,1.0786,0.79733,0.6404,0.52208,0.32573,1.55674,,Qatar,36,6.375,1.82427,0.87964,0.71723,0.56679,0.48049,0.32388,1.58224,,Qatar,35,6.375,1.870765686,1.27429688,0.710098088,0.604130983,0.33047387,0.439299256,1.14546442,,Qatar,32,6.374,1.649,1.303,0.748,0.654,0.256,0.171,1.593,,Qatar,29,6.374,1.684,1.313,0.871,0.555,0.22,0.167,1.564,,,6.4218,6.374,6.611
Taiwan,38,6.298,1.29098,1.07617,0.8753,0.3974,0.08129,0.25376,2.32323,,Taiwan,34,6.379,1.39729,0.92624,0.79565,0.32377,0.0663,0.25495,2.61523,,Taiwan Province of China,33,6.421999931,1.433626533,1.384565353,0.793984234,0.361466587,0.258360475,0.063829236,2.126607418,,Taiwan,26,6.441,1.365,1.436,0.857,0.418,0.151,0.078,2.136,,Taiwan,25,6.446,1.368,1.43,0.914,0.351,0.242,0.097,2.044,,,6.397199986,6.298,6.446
Saudi Arabia,35,6.411,1.39541,1.08393,0.72025,0.31048,0.32524,0.13706,2.43872,,Saudi Arabia,34,6.379,1.48953,0.84829,0.59267,0.37904,0.30008,0.15457,2.61482,,Saudi Arabia,37,6.343999863,1.530623555,1.286677599,0.59014833,0.449750572,0.147616014,0.273432255,2.065429688,,Saudi Arabia,33,6.371,1.379,1.331,0.633,0.509,0.098,0.127,2.294,,Saudi Arabia,28,6.375,1.403,1.357,0.795,0.439,0.08,0.132,2.169,,,6.375999973,6.343999863,6.411
Spain,36,6.329,1.23011,1.31379,0.95562,0.45951,0.06398,0.18227,2.12367,,Spain,37,6.361,1.34253,1.12945,0.87896,0.37545,0.06137,0.17665,2.39663,,Spain,34,6.402999878,1.384397864,1.532090902,0.8889606,0.40878123,0.190133572,0.070914097,1.92775774,,Spain,36,6.31,1.251,1.538,0.965,0.449,0.142,0.074,1.891,,Spain,30,6.354,1.286,1.484,1.062,0.362,0.153,0.079,1.928,,,6.351399976,6.31,6.402999878
Guatemala,43,6.123,0.74553,1.04356,0.64425,0.57733,0.09472,0.27489,2.74255,,Guatemala,39,6.324,0.83454,0.87119,0.54039,0.50379,0.08701,0.28808,3.19863,,Guatemala,29,6.453999996,0.872001946,1.255585194,0.54023999,0.531310618,0.283488393,0.077223279,2.893891096,,Guatemala,30,6.382,0.781,1.268,0.608,0.604,0.179,0.071,2.871,,Guatemala,27,6.436,0.8,1.269,0.746,0.535,0.175,0.078,2.833,,,6.343799999,6.123,6.453999996
Colombia,33,6.477,0.91861,1.24018,0.69077,0.53466,0.0512,0.18401,2.85737,,Colombia,31,6.481,1.03032,1.02169,0.59659,0.44735,0.05399,0.15626,3.17471,,Colombia,36,6.356999874,1.070622325,1.402182937,0.595027924,0.477487415,0.149014473,0.046668742,2.616068125,,Colombia,37,6.26,0.96,1.439,0.635,0.531,0.099,0.039,2.557,,Colombia,43,6.125,0.985,1.41,0.841,0.47,0.099,0.034,2.286,,,6.339999975,6.125,6.481
Thailand,34,6.455,0.9669,1.26504,0.7385,0.55664,0.03187,0.5763,2.31945,,Thailand,33,6.474,1.0893,1.04477,0.64915,0.49553,0.02833,0.58696,2.5796,,Thailand,32,6.423999786,1.127868772,1.425792456,0.647239029,0.580200732,0.57212311,0.031612735,2.039508343,,Thailand,46,6.072,1.016,1.417,0.707,0.637,0.364,0.029,1.902,,Thailand,52,6.008,1.05,1.409,0.828,0.557,0.359,0.028,1.777,,,6.286599957,6.008,6.474
Suriname,40,6.269,0.99534,0.972,0.6082,0.59657,0.13633,0.16991,2.79094,,Suriname,40,6.269,1.09686,0.77866,0.50933,0.52234,0.12692,0.16665,3.06852,,,,,,,,,,,,,,,,,,,,,,0,,,,,,,,,,,0,,,6.269,6.269,6.269
Trinidad and Tobago,41,6.168,1.21183,1.18354,0.61483,0.55884,0.0114,0.31844,2.26882,,Trinidad and Tobago,43,6.168,1.32572,0.98569,0.52608,0.48453,0.01241,0.31935,2.51394,,Trinidad and Tobago,38,6.168000221,1.361355901,1.380228519,0.519983292,0.518630743,0.325296462,0.008964816,2.053247452,,Trinidad & Tobago,38,6.192,1.223,1.492,0.564,0.575,0.171,0.019,2.148,,Trinidad & Tobago,39,6.192,1.231,1.477,0.713,0.489,0.185,0.016,2.081,,,6.177600044,6.168,6.192
Kuwait,39,6.295,1.55422,1.16594,0.72492,0.55499,0.25609,0.16228,1.87634,,Kuwait,41,6.239,1.61714,0.87758,0.63569,0.43166,0.23669,0.15965,2.28085,,Kuwait,39,6.105000019,1.632952452,1.259698749,0.632105708,0.496337593,0.228289798,0.21515955,1.640425205,,Kuwait,45,6.083,1.474,1.301,0.675,0.554,0.167,0.106,1.806,,Kuwait,51,6.021,1.5,1.319,0.808,0.493,0.142,0.097,1.662,,,6.148600004,6.021,6.295
El Salvador,42,6.13,0.76454,1.02507,0.67737,0.4035,0.11776,0.10692,3.035,,El Salvador,46,6.068,0.8737,0.80975,0.596,0.37269,0.10613,0.08877,3.22134,,El Salvador,45,6.002999783,0.909784496,1.182125092,0.596018553,0.43245253,0.078257985,0.08998096,2.714593887,,El Salvador,40,6.167,0.806,1.231,0.639,0.461,0.065,0.082,2.883,,El Salvador,35,6.253,0.794,1.242,0.789,0.43,0.093,0.074,2.831,,,6.124199957,6.002999783,6.253
Bahrain,49,5.96,1.32376,1.21624,0.74716,0.45492,0.306,0.17362,1.73797,,Bahrain,42,6.218,1.44024,0.94397,0.65696,0.47375,0.25772,0.17147,2.27405,,Bahrain,41,6.086999893,1.488412261,1.323110461,0.653133035,0.536746919,0.172668487,0.25704217,1.656149387,,Bahrain,43,6.105,1.338,1.366,0.698,0.594,0.243,0.123,1.743,,Bahrain,37,6.199,1.362,1.368,0.871,0.536,0.255,0.11,1.697,,,6.113799979,5.96,6.218
Slovakia,45,5.995,1.16891,1.26999,0.78902,0.31751,0.03431,0.16893,2.24639,,Slovakia,45,6.078,1.27973,1.08268,0.70367,0.23391,0.02947,0.13837,2.61065,,Slovakia,40,6.09800005,1.325393558,1.505059242,0.712732911,0.295817465,0.136544481,0.024210852,2.097776651,,Slovakia,39,6.173,1.21,1.537,0.776,0.354,0.118,0.014,2.164,,Slovakia,38,6.198,1.246,1.504,0.881,0.334,0.121,0.014,2.098,,,6.10840001,5.995,6.198
Uzbekistan,44,6.003,0.63244,1.34043,0.59772,0.65821,0.30826,0.22837,2.23741,,Uzbekistan,49,5.987,0.73591,1.1681,0.50163,0.60848,0.28333,0.34326,2.34638,,Uzbekistan,47,5.971000195,0.786441088,1.54896915,0.498272628,0.658248663,0.415983647,0.246528223,1.816913605,,Uzbekistan,44,6.096,0.719,1.584,0.605,0.724,0.328,0.259,1.877,,Uzbekistan,41,6.174,0.745,1.529,0.756,0.631,0.322,0.24,1.951,,,6.046200039,5.971000195,6.174
Nicaragua,57,5.828,0.59325,1.14184,0.74314,0.55475,0.19317,0.27815,2.32407,,Nicaragua,48,5.992,0.69384,0.89521,0.65213,0.46582,0.16292,0.29773,2.82428,,Nicaragua,43,6.071000099,0.737299204,1.28721571,0.653095961,0.447551847,0.301674217,0.130687982,2.513930559,,Nicaragua,41,6.141,0.668,1.319,0.7,0.527,0.208,0.128,2.591,,Nicaragua,45,6.105,0.694,1.325,0.835,0.435,0.2,0.127,2.489,,,6.02740002,5.828,6.141
Italy,50,5.948,1.25114,1.19777,0.95446,0.26236,0.02901,0.22823,2.02518,,Italy,50,5.977,1.35495,1.04167,0.85102,0.18827,0.02556,0.16684,2.34918,,Italy,48,5.964000225,1.395066619,1.444923282,0.853144348,0.256450713,0.172789648,0.028028091,1.813312054,,Italy,47,6,1.264,1.501,0.946,0.281,0.137,0.028,1.843,,Italy,36,6.223,1.294,1.488,1.039,0.231,0.158,0.03,1.983,,,6.022400045,5.948,6.223
Ecuador,48,5.975,0.86402,0.99903,0.79075,0.48574,0.1809,0.11541,2.53942,,Ecuador,51,5.976,0.97306,0.85974,0.68613,0.4027,0.18037,0.10074,2.77366,,Ecuador,44,6.007999897,1.000820398,1.286168814,0.685636222,0.455198199,0.150112465,0.140134647,2.290352583,,Ecuador,48,5.973,0.889,1.33,0.736,0.556,0.114,0.12,2.228,,Ecuador,50,6.028,0.912,1.312,0.868,0.498,0.126,0.087,2.225,,,5.991999979,5.973,6.028
Poland,60,5.791,1.12555,1.27948,0.77903,0.53122,0.04212,0.16759,1.86565,,Poland,57,5.835,1.24585,1.04685,0.69058,0.4519,0.055,0.14443,2.20035,,Poland,46,5.97300005,1.291787863,1.44571197,0.699475348,0.520342112,0.158465967,0.059307806,1.797722816,,Poland,42,6.123,1.176,1.448,0.781,0.546,0.108,0.064,2,,Poland,40,6.182,1.206,1.438,0.884,0.483,0.117,0.05,2.004,,,5.98080001,5.791,6.182
Belize,,,,,,,,,,,Belize,52,5.956,0.87616,0.68655,0.45569,0.51231,0.10771,0.23684,3.08039,,Belize,50,5.955999851,0.907975316,1.081417799,0.450191766,0.547509372,0.240015641,0.096581072,2.631955624,,Belize,49,5.956,0.807,1.101,0.474,0.593,0.183,0.089,2.709,,,,,,,,,,,0,,,5.95599995,5.955999851,5.956
Lithuania,56,5.833,1.14723,1.25745,0.73128,0.21342,0.01031,0.02641,2.44649,,Lithuania,60,5.813,1.2692,1.06411,0.64674,0.18929,0.0182,0.02025,2.60525,,Lithuania,52,5.90199995,1.314582348,1.473516107,0.62894994,0.234231785,0.010164657,0.011865643,2.228440523,,Lithuania,50,5.952,1.197,1.527,0.716,0.35,0.026,0.006,2.13,,Lithuania,42,6.149,1.238,1.515,0.818,0.291,0.043,0.042,2.202,,,5.92979999,5.813,6.149
Japan,46,5.987,1.27074,1.25712,0.99111,0.49615,0.1806,0.10705,1.68435,,Japan,53,5.921,1.38007,1.06054,0.91491,0.46761,0.18985,0.10224,1.80584,,Japan,51,5.920000076,1.416915178,1.436337829,0.913475871,0.505625546,0.120572768,0.163760737,1.363223553,,Japan,54,5.915,1.294,1.462,0.988,0.553,0.079,0.15,1.389,,Japan,58,5.886,1.327,1.419,1.088,0.445,0.069,0.14,1.398,,,5.925800015,5.886,5.987
Malaysia,61,5.77,1.12486,1.07023,0.72394,0.53024,0.10501,0.33075,1.88541,,Malaysia,47,6.005,1.25142,0.88025,0.62366,0.39031,0.09081,0.41474,2.35384,,Malaysia,42,6.084000111,1.29121542,1.284646034,0.618784428,0.402264982,0.41660893,0.065600708,2.004448891,,Malaysia,35,6.322,1.161,1.258,0.669,0.356,0.311,0.059,2.508,,Malaysia,80,5.339,1.221,1.171,0.828,0.508,0.26,0.024,1.327,,,5.904000022,5.339,6.322
Slovenia,55,5.848,1.18498,1.27385,0.87337,0.60855,0.03787,0.25328,1.61583,,Slovenia,63,5.768,1.29947,1.05613,0.79151,0.53164,0.03635,0.25738,1.79522,,Slovenia,62,5.757999897,1.341205955,1.452518821,0.790828228,0.572575808,0.242649093,0.045128979,1.313317299,,Slovenia,51,5.948,1.219,1.506,0.856,0.633,0.16,0.051,1.523,,Slovenia,44,6.118,1.258,1.523,0.953,0.564,0.144,0.057,1.619,,,5.887999979,5.757999897,6.118
South Korea,47,5.984,1.24461,0.95774,0.96538,0.33208,0.07857,0.18557,2.21978,,South Korea,57,5.835,1.35948,0.72194,0.88645,0.25168,0.07716,0.18824,2.35015,,South Korea,55,5.837999821,1.401678443,1.128274441,0.900214076,0.257921666,0.206674367,0.063282669,1.880378008,,South Korea,57,5.875,1.266,1.204,0.955,0.244,0.175,0.051,1.98,,South Korea,54,5.895,1.301,1.219,1.036,0.159,0.175,0.056,1.949,,,5.885399964,5.835,5.984
Kazakhstan,54,5.855,1.12254,1.12241,0.64368,0.51649,0.08454,0.11827,2.24729,,Kazakhstan,54,5.919,1.22943,0.95544,0.57386,0.4052,0.11132,0.15011,2.49325,,Kazakhstan,60,5.818999767,1.28455627,1.384369016,0.606041551,0.437454283,0.201964423,0.119282886,1.784892559,,Kazakhstan,60,5.79,1.143,1.516,0.631,0.454,0.148,0.121,1.777,,Kazakhstan,60,5.809,1.173,1.508,0.729,0.41,0.146,0.096,1.747,,,5.838399953,5.79,5.919
Bolivia,51,5.89,0.68133,0.97841,0.5392,0.57414,0.088,0.20536,2.82334,,Bolivia,59,5.822,0.79422,0.83779,0.4697,0.50961,0.07746,0.21698,2.91635,,Bolivia,58,5.822999954,0.833756566,1.227619052,0.47363025,0.558732927,0.225560725,0.060477726,2.443279028,,Bolivia,62,5.752,0.751,1.223,0.508,0.606,0.141,0.054,2.469,,Bolivia,61,5.779,0.776,1.209,0.706,0.511,0.137,0.064,2.376,,,5.813199991,5.752,5.89
Russia,64,5.716,1.13764,1.23617,0.66926,0.36679,0.03005,0.00199,2.27394,,Russia,56,5.856,1.23228,1.05261,0.58991,0.32682,0.03586,0.02736,2.59115,,Russia,49,5.962999821,1.281778097,1.469282389,0.547349334,0.373783112,0.052263822,0.032962881,2.205607414,,Russia,59,5.81,1.151,1.479,0.599,0.399,0.065,0.025,2.092,,Russia,68,5.648,1.183,1.452,0.726,0.334,0.082,0.031,1.84,,,5.798599964,5.648,5.962999821
North Cyprus,66,5.695,1.20806,1.07008,0.92356,0.49027,0.1428,0.26169,1.59888,,North Cyprus,62,5.771,1.31141,0.81826,0.84142,0.43596,0.16578,0.26322,1.93447,,North Cyprus,61,5.809999943,1.346911311,1.186303377,0.834647238,0.471203625,0.266845703,0.155353352,1.549157619,,Northern Cyprus,58,5.835,1.229,1.211,0.909,0.495,0.179,0.154,1.658,,Northern Cyprus,64,5.718,1.263,1.252,1.042,0.417,0.191,0.162,1.391,,,5.765799989,5.695,5.835
Moldova,52,5.889,0.59448,1.01528,0.61826,0.32818,0.01615,0.20951,3.10712,,Moldova,55,5.897,0.69177,0.83132,0.52309,0.25202,0.01903,0.19997,3.38007,,Moldova,56,5.837999821,0.72887063,1.251825571,0.589465201,0.240729049,0.208779126,0.010091286,2.807808399,,Moldova,67,5.64,0.657,1.301,0.62,0.232,0.171,0,2.659,,Moldova,71,5.529,0.685,1.328,0.739,0.245,0.181,0,2.351,,,5.758599964,5.529,5.897
Cyprus,67,5.689,1.20813,0.89318,0.92356,0.40672,0.06146,0.30638,1.88931,,Cyprus,69,5.546,1.31857,0.70697,0.8488,0.29507,0.05228,0.27906,2.04497,,Cyprus,65,5.620999813,1.355938077,1.131363273,0.844714701,0.355111539,0.271254301,0.041237976,1.621249199,,Cyprus,61,5.762,1.229,1.191,0.909,0.423,0.202,0.035,1.773,,Cyprus,49,6.046,1.263,1.223,1.042,0.406,0.19,0.041,1.881,,,5.732799963,5.546,6.046
Peru,58,5.824,0.90019,0.97459,0.73017,0.41496,0.05989,0.14982,2.5945,,Peru,64,5.743,0.99602,0.81255,0.62994,0.37502,0.05292,0.14527,2.73117,,Peru,63,5.715000153,1.035225272,1.218770385,0.630166113,0.450002879,0.126819715,0.047049087,2.20726943,,Peru,65,5.663,0.934,1.249,0.674,0.53,0.092,0.034,2.15,,Peru,65,5.697,0.96,1.274,0.854,0.455,0.083,0.027,2.044,,,5.728400031,5.663,5.824
Mauritius,71,5.477,1.00761,0.98521,0.7095,0.56066,0.07521,0.37744,1.76145,,Mauritius,66,5.648,1.14372,0.75695,0.66189,0.46145,0.05203,0.36951,2.20223,,Mauritius,64,5.629000187,1.189395547,1.20956099,0.638007462,0.491247326,0.360933751,0.042181555,1.697583914,,Mauritius,55,5.891,1.09,1.387,0.684,0.584,0.245,0.05,1.851,,Mauritius,57,5.888,1.12,1.402,0.798,0.498,0.215,0.06,1.795,,,5.706600037,5.477,5.891
Romania,86,5.124,1.04345,0.88588,0.7689,0.35068,0.00649,0.13748,1.93129,,Romania,71,5.528,1.1697,0.72803,0.67602,0.36712,0.00679,0.12889,2.45184,,Romania,57,5.824999809,1.217683911,1.15009129,0.685158312,0.457003742,0.133519918,0.004387901,2.176831484,,Romania,52,5.945,1.116,1.219,0.726,0.528,0.088,0.001,2.267,,Romania,48,6.07,1.162,1.232,0.825,0.462,0.083,0.005,2.301,,,5.698399962,5.124,6.07
Latvia,89,5.098,1.11312,1.09562,0.72437,0.29671,0.06332,0.18226,1.62215,,Latvia,68,5.56,1.21788,0.95025,0.63952,0.27996,0.0889,0.17445,2.20859,,Latvia,54,5.849999905,1.260748625,1.404714942,0.638566971,0.325707912,0.153074786,0.073842727,1.993655205,,Latvia,53,5.933,1.148,1.454,0.671,0.363,0.092,0.066,2.139,,Latvia,53,5.94,1.187,1.465,0.812,0.264,0.075,0.064,2.073,,,5.676199981,5.098,5.94
Algeria,68,5.605,0.93929,1.07772,0.61766,0.28579,0.17383,0.07822,2.43209,,Algeria,38,6.355,1.05266,0.83309,0.61804,0.21006,0.16157,0.07044,3.40904,,Algeria,53,5.872000217,1.091864467,1.146217465,0.617584646,0.233335808,0.069436647,0.14609611,2.567603827,,Algeria,84,5.295,0.979,1.154,0.687,0.077,0.055,0.135,2.208,,Algeria,88,5.211,1.002,1.16,0.785,0.086,0.073,0.114,1.991,,,5.667600043,5.211,6.355
Paraguay,53,5.878,0.75985,1.30477,0.66098,0.53899,0.08242,0.3424,2.18896,,Paraguay,70,5.538,0.89373,1.11111,0.58295,0.46235,0.07396,0.25296,2.16091,,Paraguay,70,5.493000031,0.932537317,1.50728488,0.579250693,0.473507792,0.224150658,0.091065913,1.68533349,,Paraguay,64,5.681,0.835,1.522,0.615,0.541,0.162,0.074,1.932,,Paraguay,63,5.743,0.855,1.475,0.777,0.514,0.184,0.08,1.858,,,5.666600006,5.493000031,5.878
Jamaica,65,5.709,0.81038,1.15102,0.68741,0.50442,0.02299,0.2123,2.32038,,Jamaica,73,5.51,0.89333,0.96372,0.59469,0.43597,0.04294,0.22245,2.35682,,Jamaica,76,5.31099987,0.925579309,1.368218064,0.641022384,0.474307239,0.233818337,0.055267781,1.612325668,,Jamaica,56,5.89,0.819,1.493,0.693,0.575,0.096,0.031,2.183,,Jamaica,56,5.89,0.831,1.478,0.831,0.49,0.107,0.028,2.125,,,5.661999974,5.31099987,5.89
Estonia,73,5.429,1.15174,1.22791,0.77361,0.44888,0.15184,0.0868,1.58782,,Estonia,72,5.517,1.27964,1.05163,0.68098,0.41511,0.18519,0.08423,1.81985,,Estonia,66,5.611000061,1.32087934,1.4766711,0.695168316,0.47913143,0.098890811,0.183248922,1.357508659,,Estonia,63,5.739,1.2,1.532,0.737,0.553,0.086,0.174,1.457,,Estonia,55,5.893,1.237,1.528,0.874,0.495,0.103,0.161,1.495,,,5.637800012,5.429,5.893
Kosovo,69,5.589,0.80148,0.81198,0.63132,0.24749,0.04741,0.2831,2.76579,,Kosovo,77,5.401,0.90145,0.66062,0.54,0.14396,0.06547,0.27992,2.80998,,Kosovo,78,5.278999805,0.951484382,1.137853503,0.54145205,0.260287941,0.319931448,0.057471618,2.010540724,,Kosovo,66,5.662,0.855,1.23,0.578,0.448,0.274,0.023,2.254,,Kosovo,46,6.1,0.882,1.232,0.758,0.489,0.262,0.006,2.471,,,5.606199961,5.278999805,6.1
Belarus,59,5.813,1.03192,1.23289,0.73608,0.37938,0.1909,0.11046,2.1309,,Belarus,61,5.802,1.13062,1.04993,0.63104,0.29091,0.17457,0.13942,2.38582,,Belarus,67,5.568999767,1.15655756,1.444945216,0.637714267,0.295400262,0.155137509,0.156313822,1.723232985,,Belarus,73,5.483,1.039,1.498,0.7,0.307,0.101,0.154,1.684,,Belarus,81,5.323,1.067,1.465,0.789,0.235,0.094,0.142,1.531,,,5.597999953,5.323,5.813
Libya,63,5.754,1.13145,1.11862,0.7038,0.41668,0.11023,0.18295,2.09066,,Libya,67,5.615,1.06688,0.95076,0.52304,0.40672,0.10339,0.17087,2.39374,,Libya,68,5.525000095,1.101803064,1.35756433,0.52016902,0.46573323,0.152073666,0.09261021,1.835011244,,Libya,70,5.566,0.985,1.35,0.553,0.496,0.116,0.148,1.918,,Libya,72,5.525,1.044,1.303,0.673,0.416,0.133,0.152,1.804,,,5.597000019,5.525,5.754
Turkmenistan,70,5.548,0.95847,1.22668,0.53886,0.4761,0.30844,0.16979,1.86984,,Turkmenistan,65,5.658,1.08017,1.03817,0.44006,0.37408,0.28467,0.22567,2.21489,,Turkmenistan,59,5.822000027,1.130776763,1.493149161,0.43772608,0.418271929,0.249924988,0.25927034,1.832909822,,Turkmenistan,68,5.636,1.016,1.533,0.517,0.417,0.199,0.037,1.917,,Turkmenistan,87,5.247,1.052,1.538,0.657,0.394,0.244,0.028,1.334,,,5.582200005,5.247,5.822000027
Venezuela,23,6.81,1.04424,1.25596,0.72052,0.42908,0.11069,0.05841,3.19131,,Venezuela,44,6.084,1.13367,1.03302,0.61904,0.19847,0.08304,0.0425,2.97468,,Venezuela,82,5.25,1.128431201,1.431337595,0.617144227,0.153997123,0.06501963,0.064491123,1.789463758,,Venezuela,102,4.806,0.996,1.469,0.657,0.133,0.056,0.052,1.443,,Venezuela,108,4.707,0.96,1.427,0.805,0.154,0.064,0.047,1.25,,,5.5314,4.707,6.81
Croatia,62,5.759,1.08254,0.79624,0.78805,0.25883,0.0243,0.05444,2.75414,,Croatia,74,5.488,1.18649,0.60809,0.70524,0.23907,0.04002,0.18434,2.52462,,Croatia,77,5.293000221,1.222556233,0.967983007,0.701288521,0.255772293,0.248002976,0.04310311,1.854492426,,Croatia,82,5.321,1.115,1.161,0.737,0.38,0.12,0.039,1.769,,Croatia,75,5.432,1.155,1.266,0.914,0.296,0.119,0.022,1.66,,,5.458600044,5.293000221,5.759
Hong Kong,72,5.474,1.38604,1.05818,1.01328,0.59608,0.37124,0.39478,0.65429,,Hong Kong,75,5.458,1.5107,0.87021,0.95277,0.48079,0.31647,0.40097,0.92614,,"Hong Kong S.A.R., China",71,5.472000122,1.551674843,1.262790918,0.943062425,0.490968645,0.374465793,0.293933749,0.554633141,,Hong Kong,76,5.43,1.405,1.29,1.03,0.524,0.246,0.291,0.644,,Hong Kong,76,5.43,1.438,1.277,1.122,0.44,0.258,0.287,0.608,,,5.452800024,5.43,5.474
Turkey,76,5.332,1.06098,0.94632,0.73172,0.22815,0.15746,0.12253,2.08528,,Turkey,78,5.389,1.16492,0.87717,0.64718,0.23889,0.12348,0.04707,2.29074,,Turkey,69,5.5,1.198274374,1.337753177,0.637605608,0.3007406,0.046693042,0.09967158,1.879277945,,Turkey,74,5.483,1.148,1.38,0.686,0.324,0.106,0.109,1.73,,Turkey,79,5.373,1.183,1.36,0.808,0.195,0.083,0.106,1.638,,,5.4154,5.332,5.5
Philippines,90,5.073,0.70532,1.03516,0.58114,0.62545,0.12279,0.24991,1.7536,,Philippines,82,5.279,0.81217,0.87877,0.47036,0.54854,0.11757,0.21674,2.23484,,Philippines,72,5.429999828,0.857699215,1.253917575,0.468009055,0.585214674,0.193513423,0.099331893,1.972604752,,Philippines,71,5.524,0.775,1.312,0.513,0.643,0.12,0.105,2.056,,Philippines,69,5.631,0.807,1.293,0.657,0.558,0.117,0.107,2.092,,,5.387399966,5.073,5.631
Pakistan,81,5.194,0.59543,0.41411,0.51466,0.12102,0.10464,0.33671,3.10709,,Pakistan,92,5.132,0.68816,0.26135,0.40306,0.14622,0.1388,0.31185,3.18286,,Pakistan,80,5.269000053,0.726883531,0.67269069,0.402047783,0.235215262,0.315446019,0.124348067,2.79248929,,Pakistan,75,5.472,0.652,0.81,0.424,0.334,0.216,0.113,2.923,,Pakistan,67,5.653,0.677,0.886,0.535,0.313,0.22,0.098,2.924,,,5.344000011,5.132,5.653
Serbia,87,5.123,0.92053,1.00964,0.74836,0.20107,0.02617,0.19231,2.025,,Serbia,86,5.177,1.03437,0.81329,0.6458,0.15718,0.04339,0.20737,2.27539,,Serbia,73,5.394999981,1.069317579,1.258189797,0.650784671,0.208715528,0.220125884,0.040903781,1.947084427,,Serbia,78,5.398,0.975,1.369,0.685,0.288,0.134,0.043,1.904,,Serbia,70,5.603,1.004,1.383,0.854,0.282,0.137,0.039,1.904,,,5.339199996,5.123,5.603
Hungary,104,4.8,1.12094,1.20215,0.75905,0.32112,0.02758,0.128,1.24074,,Hungary,91,5.145,1.24142,0.93164,0.67608,0.1977,0.04472,0.099,1.95473,,Hungary,75,5.323999882,1.286011934,1.343133092,0.687763453,0.175863519,0.078401662,0.036636937,1.716459274,,Hungary,69,5.62,1.171,1.401,0.732,0.259,0.061,0.022,1.974,,Hungary,62,5.758,1.201,1.41,0.828,0.199,0.081,0.02,2.019,,,5.329399976,4.8,5.758
Portugal,88,5.102,1.15991,1.13935,0.87519,0.51469,0.01078,0.13719,1.26462,,Portugal,94,5.123,1.27607,0.94367,0.79363,0.44727,0.01521,0.11691,1.53015,,Portugal,89,5.195000172,1.315175295,1.367043018,0.795843542,0.4984653,0.095102713,0.015869452,1.107682705,,Portugal,77,5.41,1.188,1.429,0.884,0.562,0.055,0.017,1.275,,Portugal,66,5.693,1.221,1.431,0.999,0.508,0.047,0.025,1.462,,,5.304600034,5.102,5.693
Montenegro,82,5.192,0.97438,0.90557,0.72521,0.1826,0.14296,0.1614,2.10017,,Montenegro,88,5.161,1.07838,0.74173,0.63533,0.15111,0.12721,0.17191,2.25531,,Montenegro,83,5.236999989,1.121129036,1.238376498,0.667464674,0.194989055,0.197911024,0.088174194,1.729191542,,Montenegro,81,5.347,1.017,1.279,0.729,0.259,0.111,0.081,1.871,,Montenegro,73,5.523,1.051,1.361,0.871,0.197,0.142,0.08,1.821,,,5.291999998,5.161,5.523
North Macedonia,,,,,,,,,,,,,,,,,,,,,,,,,,,,,,,,,,,,,,,,,,0,,North Macedonia,84,5.274,0.983,1.294,0.838,0.345,0.185,0.034,1.595,,,5.274,5.274,5.274
Indonesia,74,5.399,0.82827,1.08708,0.63793,0.46611,0,0.51535,1.86399,,Indonesia,79,5.314,0.95104,0.87625,0.49374,0.39237,0.00322,0.56521,2.03171,,Indonesia,81,5.262000084,0.995538592,1.274444699,0.492345721,0.443323463,0.611704588,0.015317135,1.429476976,,Indonesia,96,5.093,0.899,1.215,0.522,0.538,0.484,0.018,1.417,,Indonesia,92,5.192,0.931,1.203,0.66,0.491,0.498,0.028,1.381,,,5.252000017,5.093,5.399
Honduras,105,4.788,0.59532,0.95348,0.6951,0.40148,0.06825,0.23027,1.84408,,Honduras,104,4.871,0.69429,0.75596,0.58383,0.26755,0.06906,0.2044,2.29551,,Honduras,91,5.181000233,0.730573118,1.143944979,0.58256948,0.34807986,0.236188874,0.073345453,2.065811157,,Honduras,72,5.504,0.62,1.205,0.622,0.459,0.197,0.074,2.327,,Honduras,59,5.86,0.642,1.236,0.828,0.507,0.246,0.078,2.323,,,5.240800047,4.788,5.86
Azerbaijan,80,5.212,1.02389,0.93793,0.64045,0.3703,0.16065,0.07799,2.00073,,Azerbaijan,81,5.291,1.12373,0.76042,0.54504,0.35327,0.17914,0.0564,2.2735,,Azerbaijan,85,5.234000206,1.153601766,1.152400255,0.540775776,0.398155838,0.04526934,0.180987507,1.762481689,,Azerbaijan,87,5.201,1.024,1.161,0.603,0.43,0.031,0.176,1.776,,Azerbaijan,90,5.208,1.043,1.147,0.769,0.351,0.035,0.182,1.681,,,5.229200041,5.201,5.291
China,84,5.14,0.89012,0.94675,0.81658,0.51697,0.02781,0.08185,1.8604,,China,83,5.245,1.0278,0.79381,0.73561,0.44012,0.02745,0.04959,2.17087,,China,79,5.272999763,1.081165791,1.160837412,0.741415501,0.472787708,0.028806841,0.022794275,1.764938593,,China,86,5.246,0.989,1.142,0.799,0.597,0.029,0.103,1.587,,China,93,5.191,1.029,1.125,0.893,0.521,0.058,0.1,1.465,,,5.218999953,5.14,5.272999763
Dominican Republic,98,4.885,0.89537,1.17202,0.66825,0.57672,0.14234,0.21684,1.21305,,Dominican Republic,89,5.155,1.02787,0.99496,0.57669,0.52259,0.12372,0.21286,1.69626,,Dominican Republic,86,5.230000019,1.079373837,1.402416706,0.574873745,0.552589834,0.18696785,0.113945253,1.31946516,,Dominican Republic,83,5.302,0.982,1.441,0.614,0.578,0.12,0.106,1.461,,Dominican Republic,77,5.425,1.015,1.401,0.779,0.497,0.113,0.101,1.519,,,5.199400004,4.885,5.425
Jordan,82,5.192,0.90198,1.05392,0.69639,0.40661,0.14293,0.11053,1.87996,,Jordan,80,5.303,0.99673,0.86216,0.60712,0.36023,0.13297,0.14262,2.20142,,Jordan,74,5.335999966,0.991012394,1.239088893,0.604590058,0.418421149,0.17217046,0.119803272,1.791176558,,Jordan,90,5.161,0.822,1.265,0.645,0.468,0.13,0.134,1.697,,Jordan,101,4.906,0.837,1.225,0.815,0.383,0.11,0.13,1.406,,,5.179599993,4.906,5.335999966
Kyrgyzstan,77,5.286,0.47428,1.15115,0.65088,0.43477,0.04232,0.3003,2.2327,,Kyrgyzstan,85,5.185,0.56044,0.95434,0.55449,0.40212,0.04762,0.38432,2.28136,,Kyrgyzstan,98,5.004000187,0.596220076,1.394238591,0.553457797,0.454943389,0.428580374,0.039439179,1.536723137,,Kyrgyzstan,92,5.131,0.53,1.416,0.594,0.54,0.281,0.035,1.735,,Kyrgyzstan,86,5.261,0.551,1.438,0.723,0.508,0.3,0.023,1.718,,,5.173400037,5.004000187,5.286
Morocco,92,5.013,0.73479,0.64095,0.60954,0.41691,0.08546,0.07172,2.45373,,Morocco,90,5.151,0.84058,0.38595,0.59471,0.25646,0.08404,0.04053,2.94891,,Morocco,84,5.235000134,0.878114581,0.774864435,0.597710669,0.408158332,0.032209955,0.087763183,2.456189394,,Morocco,85,5.254,0.779,0.797,0.669,0.46,0.026,0.074,2.449,,Morocco,89,5.208,0.801,0.782,0.782,0.418,0.036,0.076,2.313,,,5.172200027,5.013,5.254
Bosnia and Herzegovina,96,4.949,0.83223,0.91916,0.79081,0.09245,0.00227,0.24808,2.06367,,Bosnia and Herzegovina,87,5.163,0.93383,0.64367,0.70766,0.09511,0,0.29889,2.48406,,Bosnia and Herzegovina,90,5.18200016,0.982409418,1.069335938,0.705186307,0.204403177,0.328867495,0,1.892172575,,Bosnia and Herzegovina,93,5.129,0.915,1.078,0.758,0.28,0.216,0,1.882,,Bosnia and Herzegovina,78,5.386,0.945,1.212,0.845,0.212,0.263,0.006,1.903,,,5.161800032,4.949,5.386
Vietnam,75,5.36,0.63216,0.91226,0.74676,0.59444,0.10441,0.1686,2.20173,,Vietnam,96,5.061,0.74037,0.79117,0.66157,0.55954,0.11556,0.25075,1.9418,,Vietnam,94,5.073999882,0.788547575,1.277491331,0.652168989,0.571055591,0.234968051,0.087633237,1.462318659,,Vietnam,95,5.103,0.715,1.365,0.702,0.618,0.177,0.079,1.447,,Vietnam,94,5.175,0.741,1.346,0.851,0.543,0.147,0.073,1.474,,,5.154599976,5.061,5.36
Greece,102,4.857,1.15406,0.92933,0.88213,0.07699,0.01397,0,1.80101,,Greece,99,5.033,1.24886,0.75473,0.80029,0.05822,0.04127,0,2.12944,,Greece,87,5.227000237,1.289487481,1.239414573,0.810198903,0.095731251,0,0.043289777,1.749221563,,Greece,79,5.358,1.154,1.202,0.879,0.131,0,0.044,1.948,,Greece,82,5.287,1.181,1.156,0.999,0.067,0,0.034,1.85,,,5.152400047,4.857,5.358
Lebanon,103,4.839,1.02564,0.80001,0.83947,0.33916,0.04582,0.21854,1.57059,,Lebanon,93,5.129,1.12268,0.64184,0.76171,0.26228,0.03061,0.23693,2.07339,,Lebanon,88,5.224999905,1.074987531,1.129624248,0.735081077,0.288515985,0.264450759,0.03751383,1.695073843,,Lebanon,80,5.358,0.965,1.179,0.785,0.503,0.214,0.136,1.576,,Lebanon,91,5.197,0.987,1.224,0.815,0.216,0.166,0.027,1.762,,,5.149599981,4.839,5.358
Nigeria,78,5.268,0.65435,0.90432,0.16007,0.34334,0.0403,0.27233,2.89319,,Nigeria,103,4.875,0.75216,0.64498,0.05108,0.27854,0.0305,0.23219,2.88586,,Nigeria,95,5.073999882,0.783756256,1.215770483,0.05691573,0.394952565,0.230947196,0.026121566,2.365390539,,Nigeria,91,5.155,0.689,1.172,0.048,0.462,0.201,0.032,2.551,,Nigeria,85,5.265,0.696,1.111,0.245,0.426,0.215,0.041,2.531,,,5.127399976,4.875,5.268
Bhutan,79,5.253,0.77042,1.10395,0.57407,0.53206,0.15445,0.47998,1.63794,,Bhutan,84,5.196,0.8527,0.90836,0.49759,0.46074,0.1616,0.48546,1.82916,,Bhutan,97,5.011000156,0.885416389,1.340126514,0.495879292,0.501537681,0.474054545,0.17338039,1.140184402,,Bhutan,97,5.082,0.796,1.335,0.527,0.541,0.364,0.171,1.348,,Bhutan,95,5.082,0.813,1.321,0.604,0.457,0.37,0.167,1.35,,,5.124800031,5.011000156,5.253
Macedonia,93,5.007,0.91851,1.00232,0.73545,0.33457,0.05327,0.22359,1.73933,,Macedonia,95,5.121,1.0193,0.78236,0.64738,0.27668,0.07047,0.23507,2.08947,,Macedonia,92,5.175000191,1.064577937,1.207893014,0.644948184,0.325905979,0.253760964,0.060277794,1.617469311,,Macedonia,89,5.185,0.959,1.239,0.691,0.394,0.173,0.052,1.677,,,,,,,,,,,0,,,5.122000048,5.007,5.185
Tajikistan,106,4.786,0.39047,0.85563,0.57379,0.47216,0.15072,0.22974,2.11399,,Tajikistan,100,4.996,0.48835,0.75602,0.53119,0.43408,0.13509,0.25998,2.39106,,Tajikistan,96,5.040999889,0.524713635,1.271463275,0.529235125,0.471566707,0.248997644,0.146377146,1.84904933,,Tajikistan,88,5.199,0.474,1.166,0.598,0.292,0.187,0.034,2.448,,Tajikistan,74,5.467,0.493,1.098,0.718,0.389,0.23,0.144,2.395,,,5.097799978,4.786,5.467
Somalia,,,,,,,,,,,Somalia,76,5.44,0,0.33613,0.11466,0.56778,0.3118,0.27225,3.83772,,Somalia,93,5.151000023,0.022643184,0.721151352,0.113989137,0.602126956,0.291631311,0.282410324,3.11748457,,Somalia,98,4.982,0,0.712,0.115,0.674,0.238,0.282,2.961,,Somalia,112,4.668,0,0.698,0.268,0.559,0.243,0.27,2.63,,,5.060250006,4.668,5.44
Somaliland region,91,5.057,0.18847,0.95152,0.43873,0.46582,0.39928,0.50318,2.11032,,Somaliland Region,97,5.057,0.25558,0.75862,0.33108,0.3913,0.36794,0.51479,2.43801,,,,,,,,,,,,,,,,,,,,,,0,,,,,,,,,,,0,,,5.057,5.057,5.057
Mongolia,100,4.874,0.82819,1.3006,0.60268,0.43626,0.02666,0.3323,1.34759,,Mongolia,101,4.907,0.98853,1.08983,0.55469,0.35972,0.03285,0.34539,1.53586,,Mongolia,100,4.954999924,1.027235866,1.493011236,0.557783484,0.394143969,0.33846423,0.032902289,1.111292362,,Mongolia,94,5.125,0.914,1.517,0.575,0.395,0.253,0.032,1.439,,Mongolia,83,5.285,0.948,1.531,0.667,0.317,0.235,0.038,1.549,,,5.029199985,4.874,5.285
Nepal,121,4.514,0.35997,0.86449,0.56874,0.38282,0.05907,0.32296,1.95637,,Nepal,107,4.793,0.44626,0.69699,0.50073,0.37012,0.07008,0.3816,2.32694,,Nepal,99,4.961999893,0.479820192,1.179283261,0.504130781,0.440305948,0.394096166,0.072975546,1.891241074,,Nepal,101,4.88,0.425,1.228,0.539,0.526,0.302,0.078,1.782,,Nepal,100,4.913,0.446,1.226,0.677,0.439,0.285,0.089,1.751,,,4.812399979,4.514,4.961999893
Laos,99,4.876,0.59066,0.73803,0.54909,0.59591,0.24249,0.42192,1.73799,,Laos,102,4.876,0.68042,0.5497,0.38291,0.52168,0.22423,0.43079,2.08637,,,,,,,,,,,,,Laos,110,4.623,0.72,1.034,0.441,0.626,0.23,0.174,1.398,,Laos,105,4.796,0.764,1.03,0.551,0.547,0.266,0.164,1.474,,,4.79275,4.623,4.876
Palestinian Territories,108,4.715,0.59867,0.92558,0.66015,0.24499,0.12905,0.11251,2.04384,,Palestinian Territories,108,4.754,0.67024,0.71629,0.56844,0.17744,0.10613,0.11154,2.40364,,Palestinian Territories,103,4.775000095,0.716249228,1.155647159,0.565666974,0.254711062,0.114173174,0.089282602,1.878890276,,Palestinian Territories,104,4.743,0.642,1.217,0.602,0.266,0.086,0.076,1.854,,Palestinian Territories,110,4.696,0.657,1.247,0.672,0.225,0.103,0.066,1.726,,,4.736600019,4.696,4.775000095
Tunisia,107,4.739,0.88113,0.60429,0.73793,0.26268,0.06358,0.06431,2.12466,,Tunisia,98,5.045,0.97724,0.43165,0.59577,0.23553,0.0817,0.03936,2.68413,,Tunisia,102,4.804999828,1.007265806,0.86835146,0.613212049,0.28968069,0.049693357,0.086723149,1.89025116,,Tunisia,111,4.592,0.9,0.906,0.69,0.271,0.04,0.063,1.722,,Tunisia,124,4.461,0.921,1,0.815,0.167,0.059,0.055,1.444,,,4.728399966,4.461,5.045
Albania,95,4.959,0.87867,0.80434,0.81325,0.35733,0.06413,0.14272,1.89894,,Albania,109,4.655,0.9553,0.50163,0.73007,0.31866,0.05301,0.1684,1.92816,,Albania,109,4.644000053,0.996192753,0.803685248,0.731159747,0.381498635,0.201312944,0.039864216,1.490441561,,Albania,112,4.586,0.916,0.817,0.79,0.419,0.149,0.032,1.463,,Albania,107,4.719,0.947,0.848,0.874,0.383,0.178,0.027,1.462,,,4.712600011,4.586,4.959
Cameroon,133,4.252,0.4225,0.88767,0.23402,0.49309,0.05786,0.20618,1.95071,,Cameroon,114,4.513,0.52497,0.62542,0.12698,0.42736,0.06126,0.2268,2.5198,,Cameroon,107,4.695000172,0.564305365,0.946018219,0.132892117,0.430388749,0.236298457,0.051306631,2.333645582,,Cameroon,99,4.975,0.535,0.891,0.182,0.454,0.183,0.043,2.687,,Cameroon,96,5.044,0.549,0.91,0.331,0.381,0.187,0.037,2.649,,,4.695800034,4.252,5.044
Iran,110,4.686,1.0088,0.54447,0.69805,0.30033,0.05863,0.38086,1.6944,,Iran,105,4.813,1.11758,0.38857,0.64232,0.22544,0.0557,0.38538,1.99817,,Iran,108,4.691999912,1.156873107,0.711551249,0.639333189,0.249322608,0.387242913,0.048761073,1.498734951,,Iran,106,4.707,1.059,0.771,0.691,0.459,0.282,0.129,1.316,,Iran,117,4.548,1.1,0.842,0.785,0.305,0.27,0.125,1.121,,,4.689199982,4.548,4.813
South Africa,113,4.642,0.92049,1.18468,0.27688,0.33207,0.08884,0.11973,1.71956,,South Africa,116,4.459,1.02416,0.96053,0.18611,0.42483,0.08415,0.13656,1.64227,,South Africa,101,4.828999996,1.054698706,1.384788632,0.18708007,0.479246736,0.13936238,0.072509497,1.510908604,,South Africa,105,4.724,0.94,1.41,0.33,0.516,0.103,0.056,1.369,,South Africa,106,4.722,0.96,1.351,0.469,0.389,0.13,0.055,1.368,,,4.675199999,4.459,4.828999996
Bulgaria,134,4.218,1.01216,1.10614,0.76649,0.30587,0.00872,0.11921,0.89991,,Bulgaria,129,4.217,1.11306,0.92542,0.67806,0.21219,0.00615,0.12793,1.15377,,Bulgaria,105,4.714000225,1.161459088,1.434379458,0.70821768,0.289231718,0.113177694,0.011051531,0.996139288,,Bulgaria,100,4.933,1.054,1.515,0.712,0.359,0.064,0.009,1.22,,Bulgaria,97,5.011,1.092,1.513,0.815,0.311,0.081,0.004,1.195,,,4.618600045,4.217,5.011
Mozambique,94,4.971,0.08308,1.02626,0.09131,0.34037,0.15603,0.22269,3.05137,,,,,,,,,,,,,Mozambique,113,4.550000191,0.23430565,0.870701015,0.106654435,0.480791092,0.322228104,0.179436386,2.355650902,,Mozambique,123,4.417,0.198,0.902,0.173,0.531,0.206,0.158,2.249,,Mozambique,123,4.466,0.204,0.986,0.39,0.494,0.197,0.138,2.057,,,4.601000048,4.417,4.971
Zambia,85,5.129,0.47038,0.91612,0.29924,0.48827,0.12468,0.19591,2.6343,,Zambia,106,4.795,0.61202,0.6376,0.23573,0.42662,0.11479,0.17866,2.58991,,Zambia,116,4.513999939,0.636406779,1.003187299,0.257835895,0.461603492,0.249580145,0.07821355,1.826705456,,Zambia,125,4.377,0.562,1.047,0.295,0.503,0.221,0.082,1.667,,Zambia,138,4.107,0.578,1.058,0.426,0.431,0.247,0.087,1.28,,,4.584399988,4.107,5.129
Bangladesh,109,4.694,0.39753,0.43106,0.60164,0.4082,0.12569,0.21222,2.51767,,Bangladesh,110,4.643,0.54177,0.24749,0.52989,0.39778,0.12583,0.19132,2.60904,,Bangladesh,110,4.607999802,0.586682975,0.735131741,0.533241034,0.478356659,0.172255352,0.123717859,1.978736162,,Bangladesh,115,4.5,0.532,0.85,0.579,0.58,0.153,0.144,1.662,,Bangladesh,125,4.456,0.562,0.928,0.723,0.527,0.166,0.143,1.407,,,4.58019996,4.456,4.694
Sierra Leone,123,4.507,0.33024,0.95571,0,0.4084,0.08786,0.21488,2.51009,,Sierra Leone,111,4.635,0.36485,0.628,0,0.30685,0.08196,0.23897,3.01402,,Sierra Leone,106,4.709000111,0.368420929,0.984136045,0.005564754,0.318697691,0.293040901,0.071095176,2.668459892,,Sierra Leone,113,4.571,0.256,0.813,0,0.355,0.238,0.053,2.856,,Sierra Leone,129,4.374,0.268,0.841,0.242,0.309,0.252,0.045,2.417,,,4.559200022,4.374,4.709000111
Namibia,,,,,,,,,,,Namibia,113,4.574,0.93287,0.70362,0.34745,0.48614,0.10398,0.07795,1.92198,,Namibia,111,4.573999882,0.964434326,1.098470807,0.338611811,0.520303547,0.077133745,0.093146972,1.481890202,,Namibia,119,4.441,0.874,1.281,0.365,0.519,0.051,0.064,1.287,,Namibia,113,4.639,0.879,1.313,0.477,0.401,0.07,0.056,1.443,,,4.55699997,4.441,4.639
Swaziland,101,4.867,0.71206,1.07284,0.07566,0.30658,0.0306,0.18259,2.48676,,,,,,,,,,,,,,,,,,,,,,,,,,,,,,,,,0,,Swaziland,135,4.212,0.811,1.149,0,0.313,0.074,0.135,1.73,,,4.5395,4.212,4.867
Ghana,114,4.633,0.54558,0.67954,0.40132,0.42342,0.04355,0.23087,2.30919,,Ghana,124,4.276,0.63107,0.49353,0.29681,0.40973,0.0326,0.21203,2.2002,,Ghana,131,4.119999886,0.667224824,0.873664737,0.295637727,0.423026294,0.256923944,0.02533637,1.577867508,,Ghana,108,4.657,0.592,0.896,0.337,0.499,0.212,0.029,2.092,,Ghana,98,4.996,0.611,0.868,0.486,0.381,0.245,0.04,2.365,,,4.536399977,4.119999886,4.996
Iraq,112,4.677,0.98549,0.81889,0.60237,0,0.13788,0.17922,1.95335,,Iraq,112,4.575,1.07474,0.59205,0.51076,0.24856,0.13636,0.19589,1.81657,,Iraq,117,4.497000217,1.102710485,0.978613198,0.50118047,0.288555533,0.199637264,0.107215755,1.318907261,,Iraq,117,4.456,1.01,0.971,0.536,0.304,0.148,0.095,1.392,,Iraq,126,4.437,1.043,0.98,0.574,0.241,0.148,0.089,1.362,,,4.528400043,4.437,4.677
Gambia,,,,,,,,,,,,,,,,,,,,,,,,,,,,,,,,,,,,,,,,,,0,,Gambia,120,4.516,0.308,0.939,0.428,0.382,0.269,0.167,2.023,,,4.516,4.516,4.516
Kenya,125,4.419,0.36471,0.99876,0.41435,0.42215,0.05839,0.37542,1.78555,,Kenya,122,4.356,0.52267,0.7624,0.30147,0.40576,0.06686,0.41328,1.88326,,Kenya,112,4.552999973,0.560479462,1.067950726,0.30998835,0.452763766,0.444860309,0.064641319,1.651902199,,Kenya,124,4.41,0.493,1.048,0.454,0.504,0.352,0.055,1.504,,Kenya,121,4.509,0.512,0.983,0.581,0.431,0.372,0.053,1.577,,,4.449399995,4.356,4.552999973
Ethiopia,122,4.512,0.19073,0.60406,0.44055,0.4345,0.15048,0.24325,2.44876,,Ethiopia,115,4.508,0.29283,0.37932,0.34578,0.36703,0.1717,0.29522,2.65614,,Ethiopia,119,4.460000038,0.339233845,0.864669204,0.353409708,0.408842742,0.31265074,0.165455714,2.015743732,,Ethiopia,127,4.35,0.308,0.95,0.391,0.452,0.22,0.146,1.883,,Ethiopia,134,4.286,0.336,1.033,0.532,0.344,0.209,0.1,1.732,,,4.423200008,4.286,4.512
Gabon,143,3.896,1.06024,0.90528,0.43372,0.31914,0.11091,0.06822,0.99895,,Gabon,134,4.121,1.15851,0.72368,0.3494,0.28098,0.09314,0.06244,1.45332,,Gabon,118,4.465000153,1.198210239,1.155620217,0.356578588,0.312328577,0.043785378,0.076046787,1.322916269,,Gabon,103,4.758,1.036,1.164,0.404,0.356,0.032,0.052,1.714,,Gabon,104,4.799,1.057,1.183,0.571,0.295,0.043,0.055,1.595,,,4.407800031,3.896,4.799
Senegal,142,3.904,0.36498,0.97619,0.4354,0.36772,0.10713,0.20843,1.44395,,Senegal,128,4.219,0.44314,0.77416,0.40457,0.31056,0.11681,0.19103,1.97861,,Senegal,115,4.534999847,0.479309022,1.179691911,0.409362853,0.377922267,0.183468893,0.115460448,1.789646149,,Senegal,109,4.631,0.429,1.117,0.433,0.406,0.138,0.082,2.026,,Senegal,111,4.681,0.45,1.134,0.571,0.292,0.153,0.072,2.009,,,4.393999969,3.904,4.681
Armenia,127,4.35,0.76821,0.77711,0.7299,0.19847,0.039,0.07855,1.75873,,Armenia,121,4.36,0.86086,0.62477,0.64083,0.14037,0.03616,0.07793,1.97864,,Armenia,121,4.375999928,0.900596738,1.007483721,0.637524426,0.198303267,0.083488092,0.026674422,1.521499157,,Armenia,129,4.321,0.816,0.99,0.666,0.26,0.077,0.028,1.484,,Armenia,116,4.559,0.85,1.055,0.815,0.283,0.095,0.064,1.397,,,4.393199986,4.321,4.559
Sri Lanka,132,4.271,0.83524,1.01905,0.70806,0.53726,0.09179,0.40828,0.67108,,Sri Lanka,117,4.415,0.97318,0.84783,0.62007,0.50817,0.07964,0.46978,0.91681,,Sri Lanka,120,4.440000057,1.009850144,1.259976387,0.625130832,0.561213255,0.490863562,0.073653966,0.419389248,,Sri Lanka,116,4.471,0.918,1.314,0.672,0.585,0.307,0.05,0.625,,Sri Lanka,130,4.366,0.949,1.265,0.831,0.47,0.244,0.047,0.56,,,4.392600011,4.271,4.471
Myanmar,129,4.307,0.27108,0.70905,0.48246,0.44017,0.19034,0.79588,1.41805,,Myanmar,119,4.395,0.34112,0.69981,0.3988,0.42692,0.20243,0.81971,1.50655,,Myanmar,114,4.545000076,0.36711055,1.123235941,0.397522569,0.514492035,0.838075161,0.188816205,1.115290403,,Myanmar,130,4.308,0.682,1.174,0.429,0.58,0.598,0.178,0.667,,Myanmar,131,4.36,0.71,1.181,0.555,0.525,0.566,0.172,0.651,,,4.383000015,4.307,4.545000076
Congo (Brazzaville),139,3.989,0.67866,0.6629,0.31051,0.41466,0.11686,0.12388,1.68135,,Congo (Brazzaville),127,4.236,0.77109,0.47799,0.28212,0.37938,0.09753,0.12077,2.10681,,Congo (Brazzaville),124,4.290999889,0.808964252,0.832044363,0.289957434,0.435025871,0.120852128,0.079618134,1.724135637,,Congo (Brazzaville),114,4.559,0.682,0.811,0.343,0.514,0.091,0.077,2.041,,Congo (Brazzaville),103,4.812,0.673,0.799,0.508,0.372,0.105,0.093,2.262,,,4.377399978,3.989,4.812
Egypt,135,4.194,0.8818,0.747,0.61712,0.17288,0.06324,0.11291,1.59927,,Egypt,120,4.362,0.95395,0.49813,0.52116,0.18847,0.10393,0.12706,1.96895,,Egypt,104,4.735000134,0.989701807,0.997471392,0.520187259,0.282110155,0.128631443,0.114381365,1.702161074,,Egypt,122,4.419,0.885,1.025,0.553,0.312,0.092,0.107,1.445,,Egypt,137,4.166,0.913,1.039,0.644,0.241,0.076,0.067,1.186,,,4.375200027,4.166,4.735000134
Djibouti,126,4.369,0.44025,0.59207,0.36291,0.46074,0.28105,0.18093,2.05125,,,,,,,,,,,,,,,,,,,,,,,,,,,,,,,,,0,,,,,,,,,,,0,,,4.369,4.369,4.369
Mauritania,124,4.436,0.45407,0.86908,0.35874,0.24232,0.17461,0.219,2.11773,,Mauritania,130,4.201,0.61391,0.84142,0.28639,0.1268,0.17955,0.22686,1.9263,,Mauritania,123,4.291999817,0.648457289,1.27203083,0.28534928,0.096098043,0.201870024,0.136957005,1.651637316,,Mauritania,126,4.356,0.557,1.245,0.292,0.129,0.134,0.093,1.906,,Mauritania,122,4.49,0.57,1.167,0.489,0.066,0.106,0.088,2.004,,,4.354999963,4.201,4.49
Congo (Kinshasa),120,4.517,0,1.0012,0.09806,0.22605,0.07625,0.24834,2.86712,,Congo (Kinshasa),125,4.272,0.05661,0.80676,0.188,0.15602,0.06075,0.25458,2.74924,,Congo (Kinshasa),126,4.28000021,0.092102349,1.229023457,0.191407025,0.235961348,0.246455833,0.060241356,2.224958658,,Congo (Kinshasa),132,4.245,0.069,1.136,0.204,0.312,0.197,0.052,2.275,,Congo (Kinshasa),127,4.418,0.094,1.125,0.357,0.269,0.212,0.053,2.308,,,4.346400042,4.245,4.517
Georgia,130,4.297,0.7419,0.38562,0.72926,0.40577,0.38331,0.05547,1.59541,,Georgia,126,4.252,0.83792,0.19249,0.64035,0.32461,0.3188,0.06786,1.87031,,Georgia,125,4.285999775,0.950612664,0.570614934,0.649546981,0.309410036,0.054008815,0.251666635,1.500137806,,Georgia,128,4.34,0.853,0.592,0.643,0.375,0.038,0.215,1.624,,Georgia,119,4.519,0.886,0.666,0.752,0.346,0.043,0.164,1.662,,,4.338799955,4.252,4.519
Ukraine,111,4.681,0.79907,1.20278,0.6739,0.25123,0.02961,0.15275,1.5714,,Ukraine,123,4.324,0.87287,1.01413,0.58628,0.12859,0.01829,0.20363,1.50066,,Ukraine,132,4.096000195,0.894651949,1.394537568,0.575903952,0.122974776,0.270061463,0.023029471,0.814382315,,Ukraine,138,4.103,0.793,1.413,0.609,0.163,0.187,0.011,0.927,,Ukraine,133,4.332,0.82,1.39,0.739,0.178,0.187,0.01,1.008,,,4.307200039,4.096000195,4.681
India,117,4.565,0.64499,0.38174,0.51529,0.39786,0.08492,0.26475,2.27513,,India,118,4.404,0.74036,0.29247,0.45091,0.40285,0.08722,0.25028,2.18032,,India,122,4.315000057,0.792221248,0.754372597,0.455427617,0.469987005,0.231538489,0.092226885,1.519117117,,India,133,4.19,0.721,0.747,0.485,0.539,0.172,0.093,1.433,,India,140,4.015,0.755,0.765,0.588,0.498,0.2,0.085,1.124,,,4.297800011,4.015,4.565
Ivory Coast,151,3.655,0.46534,0.77115,0.15185,0.46866,0.17922,0.20165,1.41723,,Ivory Coast,139,3.916,0.55507,0.57576,0.04476,0.40663,0.1553,0.20338,1.97478,,Ivory Coast,128,4.179999828,0.603048921,0.90478003,0.04864217,0.447706193,0.20123747,0.130061775,1.844964266,,Ivory Coast,107,4.671,0.541,0.872,0.08,0.467,0.146,0.103,2.462,,Ivory Coast,99,4.944,0.569,0.808,0.232,0.352,0.154,0.09,2.739,,,4.273199966,3.655,4.944
Sudan,118,4.55,0.52107,1.01404,0.36878,0.10081,0.1466,0.19062,2.20857,,Sudan,133,4.139,0.63069,0.81928,0.29759,0,0.10039,0.18077,2.10995,,Sudan,130,4.138999939,0.659516692,1.21400857,0.290920824,0.014995855,0.182317451,0.08984752,1.68706584,,Sudan,137,4.139,0.605,1.24,0.312,0.016,0.134,0.082,1.75,,,,,,,,,,,0,,,4.241749985,4.138999939,4.55
Mali,138,3.995,0.26074,1.03526,0.20583,0.38857,0.12352,0.18798,1.79293,,Mali,135,4.073,0.31292,0.86333,0.16347,0.27544,0.13647,0.21064,2.11087,,Mali,127,4.190000057,0.476180494,1.281473398,0.169365674,0.306613743,0.183354199,0.104970247,1.668190956,,Mali,118,4.447,0.37,1.233,0.152,0.367,0.139,0.056,2.13,,Mali,128,4.39,0.385,1.105,0.308,0.327,0.153,0.052,2.06,,,4.219000011,3.995,4.447
Cambodia,145,3.819,0.46038,0.62736,0.61114,0.66246,0.07247,0.40359,0.98195,,Cambodia,140,3.907,0.55604,0.5375,0.42494,0.58852,0.08092,0.40339,1.31573,,Cambodia,129,4.168000221,0.601765096,1.006238341,0.429783404,0.633375823,0.385922968,0.068105951,1.042941093,,Cambodia,120,4.433,0.549,1.088,0.457,0.696,0.256,0.065,1.322,,Cambodia,109,4.7,0.574,1.122,0.637,0.609,0.232,0.062,1.464,,,4.205400044,3.819,4.7
Niger,144,3.845,0.0694,0.77265,0.29707,0.47692,0.15639,0.19387,1.87877,,Niger,142,3.856,0.1327,0.6053,0.26162,0.38041,0.17176,0.2097,2.09469,,Niger,135,4.027999878,0.161925331,0.993025005,0.268505007,0.363658696,0.228673846,0.138572946,1.873983383,,Niger,134,4.166,0.131,0.867,0.221,0.39,0.175,0.099,2.283,,Niger,114,4.628,0.138,0.774,0.366,0.318,0.188,0.102,2.742,,,4.104599976,3.845,4.628
Lesotho,97,4.898,0.37545,1.04103,0.07612,0.31767,0.12504,0.16388,2.79832,,,,,,,,,,,,,Lesotho,139,3.808000088,0.521021247,1.190095186,0,0.390661299,0.157497272,0.11909464,1.42983532,,Lesotho,141,3.808,0.472,1.215,0.079,0.423,0.116,0.112,1.391,,Lesotho,144,3.802,0.489,1.169,0.168,0.359,0.107,0.093,1.417,,,4.079000022,3.802,4.898
Burkina Faso,152,3.587,0.25812,0.85188,0.27125,0.39493,0.12832,0.21747,1.46494,,Burkina Faso,145,3.739,0.31995,0.63054,0.21297,0.3337,0.12533,0.24353,1.87319,,Burkina Faso,134,4.032000065,0.350227714,1.043280005,0.215844259,0.324367851,0.250864685,0.120328106,1.727212906,,Burkina Faso,121,4.424,0.314,1.097,0.254,0.312,0.175,0.128,2.144,,Burkina Faso,115,4.587,0.331,1.056,0.38,0.255,0.177,0.113,2.275,,,4.073800013,3.587,4.587
Uganda,141,3.931,0.21102,1.13299,0.33861,0.45727,0.07267,0.29066,1.42766,,Uganda,145,3.739,0.34719,0.90981,0.19625,0.43653,0.06442,0.27102,1.51416,,Uganda,133,4.080999851,0.381430715,1.129827738,0.217632607,0.443185955,0.325766057,0.057069719,1.526362658,,Uganda,135,4.161,0.322,1.09,0.237,0.45,0.259,0.061,1.742,,Uganda,136,4.189,0.332,1.069,0.443,0.356,0.252,0.06,1.677,,,4.02019997,3.739,4.189
Zimbabwe,115,4.61,0.271,1.03276,0.33475,0.25861,0.08079,0.18987,2.44191,,Zimbabwe,131,4.193,0.35041,0.71478,0.1595,0.25429,0.08582,0.18503,2.4427,,Zimbabwe,138,3.875,0.375846535,1.083095908,0.196763754,0.336384207,0.189143494,0.095375381,1.597970247,,Zimbabwe,144,3.692,0.357,1.094,0.248,0.406,0.132,0.099,1.356,,Zimbabwe,146,3.663,0.366,1.114,0.433,0.361,0.151,0.089,1.149,,,4.0066,3.663,4.61
Chad,149,3.667,0.34193,0.76062,0.1501,0.23501,0.05269,0.18386,1.94296,,Chad,144,3.763,0.42214,0.63178,0.03824,0.12807,0.04952,0.18667,2.30637,,Chad,137,3.936000109,0.438012987,0.953855872,0.041134715,0.162342027,0.21611385,0.053581882,2.071238041,,Chad,131,4.301,0.358,0.907,0.053,0.189,0.181,0.06,2.553,,Chad,132,4.35,0.35,0.766,0.192,0.174,0.198,0.078,2.592,,,4.003400022,3.667,4.35
Comoros,140,3.956,0.23906,0.79273,0.36315,0.22917,0.199,0.17441,1.95812,,Comoros,138,3.956,0.27509,0.60323,0.29981,0.15412,0.18437,0.1827,2.25632,,,,,,,,,,,,,,,,,,,,,,0,,Comoros,142,3.973,0.274,0.757,0.505,0.142,0.275,0.078,1.942,,,3.961666667,3.956,3.973
Benin,155,3.34,0.28665,0.35386,0.3191,0.4845,0.0801,0.1826,1.63328,,Benin,153,3.484,0.39499,0.10419,0.21028,0.39747,0.06681,0.2018,2.10812,,Benin,143,3.657000065,0.431085408,0.435299844,0.209930211,0.425962776,0.207948461,0.060929015,1.885630965,,Benin,136,4.141,0.378,0.372,0.24,0.44,0.163,0.067,2.481,,Benin,102,4.883,0.393,0.437,0.397,0.349,0.175,0.082,3.05,,,3.901000013,3.34,4.883
Malawi,131,4.292,0.01604,0.41134,0.22562,0.43054,0.06977,0.33128,2.80791,,Malawi,132,4.156,0.08709,0.147,0.29364,0.4143,0.07564,0.30968,2.82859,,Malawi,136,3.970000029,0.233442038,0.512568831,0.315089583,0.466914654,0.28717047,0.072711654,2.081786156,,Malawi,147,3.587,0.186,0.541,0.306,0.531,0.21,0.08,1.733,,Malawi,150,3.41,0.191,0.56,0.495,0.443,0.218,0.089,1.414,,,3.883000006,3.41,4.292
Angola,137,4.033,0.75778,0.8604,0.16683,0.10384,0.07122,0.12344,1.94939,,Angola,141,3.866,0.84731,0.66366,0.04991,0.00589,0.08434,0.12071,2.09459,,Angola,140,3.795000076,0.85842818,1.10441196,0.049868666,0,0.09792649,0.069720335,1.614482403,,Angola,142,3.795,0.73,1.125,0.269,0,0.079,0.061,1.531,,Angola,,,,,,,,,0,,,3.872250019,3.795,4.033
Haiti,119,4.518,0.26673,0.74302,0.38847,0.24425,0.17175,0.46187,2.24173,,Haiti,136,4.028,0.34097,0.29561,0.27494,0.12072,0.14476,0.47958,2.37116,,Haiti,145,3.602999926,0.368610263,0.640449822,0.27732113,0.030369857,0.489203781,0.09987215,1.697167635,,Haiti,148,3.582,0.315,0.714,0.289,0.025,0.392,0.104,1.743,,Haiti,147,3.597,0.323,0.688,0.449,0.026,0.419,0.11,1.582,,,3.865599985,3.582,4.518
Guinea,150,3.656,0.17417,0.46475,0.24009,0.37725,0.12139,0.28657,1.99172,,Guinea,151,3.607,0.22415,0.3109,0.18829,0.30953,0.1192,0.29914,2.15604,,Guinea,149,3.506999969,0.24454993,0.791244686,0.194129139,0.348587513,0.264815092,0.110937618,1.552311897,,Guinea,140,3.964,0.344,0.792,0.211,0.394,0.185,0.094,1.944,,Guinea,118,4.534,0.38,0.829,0.375,0.332,0.207,0.086,2.325,,,3.853599994,3.506999969,4.534
Liberia,116,4.571,0.0712,0.78968,0.34201,0.28531,0.06232,0.24362,2.77729,,Liberia,150,3.622,0.10706,0.50353,0.23165,0.25748,0.04852,0.24063,2.23284,,Liberia,148,3.532999992,0.119041793,0.872117937,0.229918197,0.332881182,0.266549885,0.038948249,1.673285961,,Liberia,149,3.495,0.076,0.858,0.267,0.419,0.206,0.03,1.639,,Liberia,141,3.975,0.073,0.922,0.443,0.37,0.233,0.033,1.901,,,3.839199998,3.495,4.571
Botswana,128,4.332,0.99355,1.10464,0.04776,0.49495,0.12474,0.10461,1.46181,,Botswana,137,3.974,1.09426,0.89186,0.34752,0.44089,0.10769,0.12425,0.96741,,Botswana,142,3.766000032,1.122094154,1.221554995,0.341755509,0.505196333,0.099348448,0.098583199,0.377913713,,Botswana,146,3.59,1.017,1.174,0.417,0.557,0.042,0.092,0.291,,Botswana,148,3.488,1.041,1.145,0.538,0.455,0.025,0.1,0.184,,,3.830000006,3.488,4.332
Madagascar,147,3.681,0.20824,0.66801,0.46721,0.19184,0.08124,0.21333,1.851,,Madagascar,148,3.695,0.27954,0.46115,0.37109,0.13684,0.07506,0.2204,2.15075,,Madagascar,144,3.644000053,0.305808693,0.913020372,0.375223309,0.189196765,0.20873253,0.067231975,1.584612608,,Madagascar,143,3.774,0.262,0.908,0.402,0.221,0.155,0.049,1.777,,Madagascar,143,3.933,0.274,0.916,0.555,0.148,0.169,0.041,1.83,,,3.745400011,3.644000053,3.933
Yemen,136,4.077,0.54649,0.68093,0.40064,0.35571,0.07854,0.09131,1.92313,,Yemen,147,3.724,0.57939,0.47493,0.31048,0.2287,0.05892,0.09821,1.97295,,Yemen,146,3.592999935,0.591683447,0.935382247,0.310080916,0.249463722,0.104125209,0.056767423,1.345600605,,Yemen,152,3.355,0.442,1.073,0.343,0.244,0.083,0.064,1.106,,Yemen,151,3.38,0.287,1.163,0.463,0.143,0.108,0.077,1.139,,,3.625799987,3.355,4.077
Togo,158,2.839,0.20868,0.13995,0.28443,0.36453,0.10731,0.16681,1.56726,,Togo,155,3.303,0.28123,0,0.24811,0.34678,0.11587,0.17517,2.1354,,Togo,150,3.494999886,0.305444717,0.43188253,0.247105569,0.380426139,0.196896151,0.095665015,1.837229252,,Togo,139,3.999,0.259,0.474,0.253,0.434,0.158,0.101,2.32,,Togo,139,4.085,0.275,0.572,0.41,0.293,0.177,0.085,2.273,,,3.544199977,2.839,4.085
Afghanistan,153,3.575,0.31982,0.30285,0.30335,0.23414,0.09719,0.3651,1.9521,,Afghanistan,154,3.36,0.38227,0.11037,0.17344,0.1643,0.07112,0.31268,2.14558,,Afghanistan,141,3.79399991,0.401477218,0.581543326,0.180746779,0.10617952,0.311870933,0.06115783,2.150801182,,Afghanistan,145,3.632,0.332,0.537,0.255,0.085,0.191,0.036,2.196,,Afghanistan,154,3.203,0.35,0.517,0.361,0,0.158,0.025,1.792,,,3.512799982,3.203,3.79399991
Tanzania,146,3.781,0.2852,1.00268,0.38215,0.32878,0.05747,0.34377,1.38079,,Tanzania,149,3.666,0.47155,0.77623,0.357,0.3176,0.05099,0.31472,1.37769,,Tanzania,153,3.348999977,0.511135876,1.041989803,0.364509284,0.390017778,0.354256362,0.066035107,0.621130466,,Tanzania,153,3.303,0.455,0.991,0.381,0.481,0.27,0.097,0.628,,Tanzania,153,3.231,0.476,0.885,0.499,0.417,0.276,0.147,0.531,,,3.465999995,3.231,3.781
Rwanda,154,3.465,0.22208,0.7737,0.42864,0.59201,0.55191,0.22628,0.67042,,Rwanda,152,3.515,0.32846,0.61586,0.31865,0.5432,0.50521,0.23552,0.96819,,Rwanda,151,3.470999956,0.368745893,0.945707023,0.326424807,0.581843853,0.252756029,0.455220014,0.540061235,,Rwanda,151,3.408,0.332,0.896,0.4,0.636,0.2,0.444,0.5,,Rwanda,152,3.334,0.359,0.711,0.614,0.555,0.217,0.411,0.467,,,3.438599991,3.334,3.515
South Sudan,,,,,,,,,,,South Sudan,143,3.832,0.39394,0.18519,0.15781,0.19662,0.13015,0.25899,2.50929,,South Sudan,147,3.59100008,0.397248626,0.601323128,0.163486004,0.147062436,0.285670817,0.116793513,1.879567385,,South Sudan,154,3.254,0.337,0.608,0.177,0.112,0.224,0.106,1.69,,South Sudan,156,2.853,0.306,0.575,0.295,0.01,0.202,0.091,1.374,,,3.38250002,2.853,3.832
Syria,156,3.006,0.6632,0.47489,0.72193,0.15684,0.18906,0.47179,0.32858,,Syria,156,3.069,0.74719,0.14866,0.62994,0.06912,0.17233,0.48397,0.81789,,Syria,152,3.461999893,0.777153134,0.396102607,0.500533342,0.081539445,0.493663728,0.151347131,1.061573505,,Syria,150,3.462,0.689,0.382,0.539,0.088,0.376,0.144,1.244,,Syria,149,3.462,0.619,0.378,0.44,0.013,0.331,0.141,1.54,,,3.292199979,3.006,3.462
Central African Republic,148,3.678,0.0785,0,0.06699,0.48879,0.08289,0.23835,2.7223,,,,,,,,,,,,,Central African Republic,155,2.693000078,0,0,0.018772686,0.270842046,0.280876487,0.056565076,2.066004753,,Central African Republic,155,3.083,0.024,0,0.01,0.305,0.218,0.038,2.488,,Central African Republic,155,3.083,0.026,0,0.105,0.225,0.235,0.035,2.457,,,3.13425002,2.693000078,3.678
Burundi,157,2.905,0.0153,0.41587,0.22396,0.1185,0.10062,0.19727,1.83302,,Burundi,157,2.905,0.06831,0.23442,0.15747,0.0432,0.09419,0.2029,2.10404,,Burundi,154,2.904999971,0.091622569,0.629793584,0.151610792,0.059900753,0.204435185,0.084147945,1.683024168,,Burundi,156,2.905,0.091,0.627,0.145,0.065,0.149,0.076,1.752,,Burundi,145,3.775,0.046,0.447,0.38,0.22,0.176,0.18,2.326,,,3.078999994,2.904999971,3.775
